ash_burden_ratio,model_count,mean_burden_m,median_burden_m,minimum_burden_m,maximum_burden_m,range_m
20.0,7,5.958085488963792,5.773,5.02,6.983188559264405,1.9631885592644052
22.5,7,6.04772834610665,5.773,5.5273236163425565,6.983188559264405,1.4558649429218482
25.0,7,6.137371203249507,5.839369999999999,5.5273236163425565,6.983188559264405,1.4558649429218482
27.5,7,6.227014060392364,5.839369999999999,5.5273236163425565,6.983188559264405,1.4558649429218482
30.0,7,6.316656917535221,5.839369999999999,5.5273236163425565,7.53,2.0026763836574437
32.5,7,6.406299774678078,5.839369999999999,5.5273236163425565,8.1575,2.630176383657444
35.0,7,6.4959426318209355,5.839369999999999,5.5273236163425565,8.785,3.2576763836574436
37.5,7,6.585585488963793,5.839369999999999,5.5273236163425565,9.4125,3.885176383657443
40.0,7,6.67522834610665,5.839369999999999,5.5273236163425565,10.04,4.512676383657443
