ash_burden_ratio,model_id,model_name,burden_m
20.0,CONV_ASH,Ash,5.02
20.0,CONV_BHANDARI,Bhandari,6.874
20.0,CONV_JIMENO,Lopez Jimeno,5.773
20.0,CONV_KONYA_1972,Konya 1972,5.5273236163425565
20.0,CONV_KONYA_1983,Konya 1983,5.689716247139588
20.0,CONV_RUSTAN,Rustan,6.983188559264405
20.0,CONV_TATIYA,Tatiya–Al-Ajmi,5.839369999999999
22.5,CONV_ASH,Ash,5.6475
22.5,CONV_BHANDARI,Bhandari,6.874
22.5,CONV_JIMENO,Lopez Jimeno,5.773
22.5,CONV_KONYA_1972,Konya 1972,5.5273236163425565
22.5,CONV_KONYA_1983,Konya 1983,5.689716247139588
22.5,CONV_RUSTAN,Rustan,6.983188559264405
22.5,CONV_TATIYA,Tatiya–Al-Ajmi,5.839369999999999
25.0,CONV_ASH,Ash,6.275
25.0,CONV_BHANDARI,Bhandari,6.874
25.0,CONV_JIMENO,Lopez Jimeno,5.773
25.0,CONV_KONYA_1972,Konya 1972,5.5273236163425565
25.0,CONV_KONYA_1983,Konya 1983,5.689716247139588
25.0,CONV_RUSTAN,Rustan,6.983188559264405
25.0,CONV_TATIYA,Tatiya–Al-Ajmi,5.839369999999999
27.5,CONV_ASH,Ash,6.9025
27.5,CONV_BHANDARI,Bhandari,6.874
27.5,CONV_JIMENO,Lopez Jimeno,5.773
27.5,CONV_KONYA_1972,Konya 1972,5.5273236163425565
27.5,CONV_KONYA_1983,Konya 1983,5.689716247139588
27.5,CONV_RUSTAN,Rustan,6.983188559264405
27.5,CONV_TATIYA,Tatiya–Al-Ajmi,5.839369999999999
30.0,CONV_ASH,Ash,7.53
30.0,CONV_BHANDARI,Bhandari,6.874
30.0,CONV_JIMENO,Lopez Jimeno,5.773
30.0,CONV_KONYA_1972,Konya 1972,5.5273236163425565
30.0,CONV_KONYA_1983,Konya 1983,5.689716247139588
30.0,CONV_RUSTAN,Rustan,6.983188559264405
30.0,CONV_TATIYA,Tatiya–Al-Ajmi,5.839369999999999
32.5,CONV_ASH,Ash,8.1575
32.5,CONV_BHANDARI,Bhandari,6.874
32.5,CONV_JIMENO,Lopez Jimeno,5.773
32.5,CONV_KONYA_1972,Konya 1972,5.5273236163425565
32.5,CONV_KONYA_1983,Konya 1983,5.689716247139588
32.5,CONV_RUSTAN,Rustan,6.983188559264405
32.5,CONV_TATIYA,Tatiya–Al-Ajmi,5.839369999999999
35.0,CONV_ASH,Ash,8.785
35.0,CONV_BHANDARI,Bhandari,6.874
35.0,CONV_JIMENO,Lopez Jimeno,5.773
35.0,CONV_KONYA_1972,Konya 1972,5.5273236163425565
35.0,CONV_KONYA_1983,Konya 1983,5.689716247139588
35.0,CONV_RUSTAN,Rustan,6.983188559264405
35.0,CONV_TATIYA,Tatiya–Al-Ajmi,5.839369999999999
37.5,CONV_ASH,Ash,9.4125
37.5,CONV_BHANDARI,Bhandari,6.874
37.5,CONV_JIMENO,Lopez Jimeno,5.773
37.5,CONV_KONYA_1972,Konya 1972,5.5273236163425565
37.5,CONV_KONYA_1983,Konya 1983,5.689716247139588
37.5,CONV_RUSTAN,Rustan,6.983188559264405
37.5,CONV_TATIYA,Tatiya–Al-Ajmi,5.839369999999999
40.0,CONV_ASH,Ash,10.04
40.0,CONV_BHANDARI,Bhandari,6.874
40.0,CONV_JIMENO,Lopez Jimeno,5.773
40.0,CONV_KONYA_1972,Konya 1972,5.5273236163425565
40.0,CONV_KONYA_1983,Konya 1983,5.689716247139588
40.0,CONV_RUSTAN,Rustan,6.983188559264405
40.0,CONV_TATIYA,Tatiya–Al-Ajmi,5.839369999999999
