hole_diameter_mm,model_id,model_name,burden_m
181.0,CONV_ASH,Ash,4.5249999999999995
181.0,CONV_BHANDARI,Bhandari,5.193999999999999
181.0,CONV_JIMENO,Lopez Jimeno,4.163
181.0,CONV_KONYA_1972,Konya 1972,3.9858389424621614
181.0,CONV_KONYA_1983,Konya 1983,4.102942791762013
181.0,CONV_RUSTAN,Rustan,5.574669346794413
181.0,CONV_TATIYA,Tatiya–Al-Ajmi,4.6885699999999995
191.0,CONV_ASH,Ash,4.775
191.0,CONV_BHANDARI,Bhandari,5.433999999999999
191.0,CONV_JIMENO,Lopez Jimeno,4.393
191.0,CONV_KONYA_1972,Konya 1972,4.20605103873079
191.0,CONV_KONYA_1983,Konya 1983,4.329624713958809
191.0,CONV_RUSTAN,Rustan,5.785095929583533
191.0,CONV_TATIYA,Tatiya–Al-Ajmi,4.87097
201.0,CONV_ASH,Ash,5.025
201.0,CONV_BHANDARI,Bhandari,5.6739999999999995
201.0,CONV_JIMENO,Lopez Jimeno,4.623
201.0,CONV_KONYA_1972,Konya 1972,4.4262631349994175
201.0,CONV_KONYA_1983,Konya 1983,4.556306636155606
201.0,CONV_RUSTAN,Rustan,5.992122157098482
201.0,CONV_TATIYA,Tatiya–Al-Ajmi,5.047369999999999
211.0,CONV_ASH,Ash,5.2749999999999995
211.0,CONV_BHANDARI,Bhandari,5.914
211.0,CONV_JIMENO,Lopez Jimeno,4.853
211.0,CONV_KONYA_1972,Konya 1972,4.646475231268045
211.0,CONV_KONYA_1983,Konya 1983,4.782988558352402
211.0,CONV_RUSTAN,Rustan,6.195968291824828
211.0,CONV_TATIYA,Tatiya–Al-Ajmi,5.217769999999999
221.0,CONV_ASH,Ash,5.525
221.0,CONV_BHANDARI,Bhandari,6.154
221.0,CONV_JIMENO,Lopez Jimeno,5.083
221.0,CONV_KONYA_1972,Konya 1972,4.866687327536673
221.0,CONV_KONYA_1983,Konya 1983,5.009670480549199
221.0,CONV_RUSTAN,Rustan,6.396830622033859
221.0,CONV_TATIYA,Tatiya–Al-Ajmi,5.3821699999999995
231.0,CONV_ASH,Ash,5.775
231.0,CONV_BHANDARI,Bhandari,6.394
231.0,CONV_JIMENO,Lopez Jimeno,5.313000000000001
231.0,CONV_KONYA_1972,Konya 1972,5.086899423805301
231.0,CONV_KONYA_1983,Konya 1983,5.236352402745996
231.0,CONV_RUSTAN,Rustan,6.594885033224869
231.0,CONV_TATIYA,Tatiya–Al-Ajmi,5.54057
241.0,CONV_ASH,Ash,6.0249999999999995
241.0,CONV_BHANDARI,Bhandari,6.6339999999999995
241.0,CONV_JIMENO,Lopez Jimeno,5.543
241.0,CONV_KONYA_1972,Konya 1972,5.307111520073929
241.0,CONV_KONYA_1983,Konya 1983,5.463034324942791
241.0,CONV_RUSTAN,Rustan,6.790289916493914
241.0,CONV_TATIYA,Tatiya–Al-Ajmi,5.692969999999999
251.0,CONV_ASH,Ash,6.275
251.0,CONV_BHANDARI,Bhandari,6.874
251.0,CONV_JIMENO,Lopez Jimeno,5.773
251.0,CONV_KONYA_1972,Konya 1972,5.5273236163425565
251.0,CONV_KONYA_1983,Konya 1983,5.689716247139588
251.0,CONV_RUSTAN,Rustan,6.983188559264405
251.0,CONV_TATIYA,Tatiya–Al-Ajmi,5.839369999999999
261.0,CONV_ASH,Ash,6.525
261.0,CONV_BHANDARI,Bhandari,7.114
261.0,CONV_JIMENO,Lopez Jimeno,6.003
261.0,CONV_KONYA_1972,Konya 1972,5.747535712611184
261.0,CONV_KONYA_1983,Konya 1983,5.916398169336384
261.0,CONV_RUSTAN,Rustan,7.173711127404814
261.0,CONV_TATIYA,Tatiya–Al-Ajmi,5.97977
271.0,CONV_ASH,Ash,6.775
271.0,CONV_BHANDARI,Bhandari,7.354
271.0,CONV_JIMENO,Lopez Jimeno,6.2330000000000005
271.0,CONV_KONYA_1972,Konya 1972,5.967747808879812
271.0,CONV_KONYA_1983,Konya 1983,6.1430800915331805
271.0,CONV_RUSTAN,Rustan,7.361976321507704
271.0,CONV_TATIYA,Tatiya–Al-Ajmi,6.11417
281.0,CONV_ASH,Ash,7.025
281.0,CONV_BHANDARI,Bhandari,7.594
281.0,CONV_JIMENO,Lopez Jimeno,6.463000000000001
281.0,CONV_KONYA_1972,Konya 1972,6.18795990514844
281.0,CONV_KONYA_1983,Konya 1983,6.369762013729977
281.0,CONV_RUSTAN,Rustan,7.548092770907573
281.0,CONV_TATIYA,Tatiya–Al-Ajmi,6.242569999999999
291.0,CONV_ASH,Ash,7.2749999999999995
291.0,CONV_BHANDARI,Bhandari,7.834
291.0,CONV_JIMENO,Lopez Jimeno,6.693
291.0,CONV_KONYA_1972,Konya 1972,6.408172001417066
291.0,CONV_KONYA_1983,Konya 1983,6.596443935926773
291.0,CONV_RUSTAN,Rustan,7.732160214793948
291.0,CONV_TATIYA,Tatiya–Al-Ajmi,6.364969999999999
301.0,CONV_ASH,Ash,7.5249999999999995
301.0,CONV_BHANDARI,Bhandari,8.074
301.0,CONV_JIMENO,Lopez Jimeno,6.923
301.0,CONV_KONYA_1972,Konya 1972,6.628384097685694
301.0,CONV_KONYA_1983,Konya 1983,6.82312585812357
301.0,CONV_RUSTAN,Rustan,7.914270509114529
301.0,CONV_TATIYA,Tatiya–Al-Ajmi,6.481369999999999
311.0,CONV_ASH,Ash,7.775
311.0,CONV_BHANDARI,Bhandari,8.314
311.0,CONV_JIMENO,Lopez Jimeno,7.153
311.0,CONV_KONYA_1972,Konya 1972,6.848596193954322
311.0,CONV_KONYA_1983,Konya 1983,7.049807780320366
311.0,CONV_RUSTAN,Rustan,8.094508489881573
311.0,CONV_TATIYA,Tatiya–Al-Ajmi,6.5917699999999995
