explosive_density_g_cm3,rock_density_g_cm3,explosive_to_rock_density_ratio,model_id,model_name,burden_m
0.7,1.8,0.38888888888888884,CONV_ASH,Ash,6.275
0.7,1.8,0.38888888888888884,CONV_BHANDARI,Bhandari,6.874
0.7,1.8,0.38888888888888884,CONV_JIMENO,Lopez Jimeno,5.773
0.7,1.8,0.38888888888888884,CONV_KONYA_1972,Konya 1972,6.947170343549375
0.7,1.8,0.38888888888888884,CONV_KONYA_1983,Konya 1983,6.860666666666666
0.7,1.8,0.38888888888888884,CONV_RUSTAN,Rustan,6.983188559264405
0.7,1.8,0.38888888888888884,CONV_TATIYA,Tatiya–Al-Ajmi,5.839369999999999
0.7,2.1,0.3333333333333333,CONV_ASH,Ash,6.275
0.7,2.1,0.3333333333333333,CONV_BHANDARI,Bhandari,6.874
0.7,2.1,0.3333333333333333,CONV_JIMENO,Lopez Jimeno,5.773
0.7,2.1,0.3333333333333333,CONV_KONYA_1972,Konya 1972,6.6026079010862
0.7,2.1,0.3333333333333333,CONV_KONYA_1983,Konya 1983,6.526
0.7,2.1,0.3333333333333333,CONV_RUSTAN,Rustan,6.983188559264405
0.7,2.1,0.3333333333333333,CONV_TATIYA,Tatiya–Al-Ajmi,5.839369999999999
0.7,2.4,0.2916666666666667,CONV_ASH,Ash,6.275
0.7,2.4,0.2916666666666667,CONV_BHANDARI,Bhandari,6.874
0.7,2.4,0.2916666666666667,CONV_JIMENO,Lopez Jimeno,5.773
0.7,2.4,0.2916666666666667,CONV_KONYA_1972,Konya 1972,6.317978806738761
0.7,2.4,0.2916666666666667,CONV_KONYA_1983,Konya 1983,6.275
0.7,2.4,0.2916666666666667,CONV_RUSTAN,Rustan,6.983188559264405
0.7,2.4,0.2916666666666667,CONV_TATIYA,Tatiya–Al-Ajmi,5.839369999999999
0.7,2.6,0.2692307692307692,CONV_ASH,Ash,6.275
0.7,2.6,0.2692307692307692,CONV_BHANDARI,Bhandari,6.874
0.7,2.6,0.2692307692307692,CONV_JIMENO,Lopez Jimeno,5.773
0.7,2.6,0.2692307692307692,CONV_KONYA_1972,Konya 1972,6.15327988577216
0.7,2.6,0.2692307692307692,CONV_KONYA_1983,Konya 1983,6.139846153846153
0.7,2.6,0.2692307692307692,CONV_RUSTAN,Rustan,6.983188559264405
0.7,2.6,0.2692307692307692,CONV_TATIYA,Tatiya–Al-Ajmi,5.839369999999999
0.7,2.75,0.2545454545454545,CONV_ASH,Ash,6.275
0.7,2.75,0.2545454545454545,CONV_BHANDARI,Bhandari,6.874
0.7,2.75,0.2545454545454545,CONV_JIMENO,Lopez Jimeno,5.773
0.7,2.75,0.2545454545454545,CONV_KONYA_1972,Konya 1972,6.040433195121563
0.7,2.75,0.2545454545454545,CONV_KONYA_1983,Konya 1983,6.0513818181818175
0.7,2.75,0.2545454545454545,CONV_RUSTAN,Rustan,6.983188559264405
0.7,2.75,0.2545454545454545,CONV_TATIYA,Tatiya–Al-Ajmi,5.839369999999999
0.7,3.0,0.2333333333333333,CONV_ASH,Ash,6.275
0.7,3.0,0.2333333333333333,CONV_BHANDARI,Bhandari,6.874
0.7,3.0,0.2333333333333333,CONV_JIMENO,Lopez Jimeno,5.773
0.7,3.0,0.2333333333333333,CONV_KONYA_1972,Konya 1972,5.869456123764398
0.7,3.0,0.2333333333333333,CONV_KONYA_1983,Konya 1983,5.9235999999999995
0.7,3.0,0.2333333333333333,CONV_RUSTAN,Rustan,6.983188559264405
0.7,3.0,0.2333333333333333,CONV_TATIYA,Tatiya–Al-Ajmi,5.839369999999999
0.7,3.3,0.21212121212121213,CONV_ASH,Ash,6.275
0.7,3.3,0.21212121212121213,CONV_BHANDARI,Bhandari,6.874
0.7,3.3,0.21212121212121213,CONV_JIMENO,Lopez Jimeno,5.773
0.7,3.3,0.21212121212121213,CONV_KONYA_1972,Konya 1972,5.687720863577153
0.7,3.3,0.21212121212121213,CONV_KONYA_1983,Konya 1983,5.795818181818182
0.7,3.3,0.21212121212121213,CONV_RUSTAN,Rustan,6.983188559264405
0.7,3.3,0.21212121212121213,CONV_TATIYA,Tatiya–Al-Ajmi,5.839369999999999
0.7,3.75,0.18666666666666665,CONV_ASH,Ash,6.275
0.7,3.75,0.18666666666666665,CONV_BHANDARI,Bhandari,6.874
0.7,3.75,0.18666666666666665,CONV_JIMENO,Lopez Jimeno,5.773
0.7,3.75,0.18666666666666665,CONV_KONYA_1972,Konya 1972,5.452774731065962
0.7,3.75,0.18666666666666665,CONV_KONYA_1983,Konya 1983,5.64248
0.7,3.75,0.18666666666666665,CONV_RUSTAN,Rustan,6.983188559264405
0.7,3.75,0.18666666666666665,CONV_TATIYA,Tatiya–Al-Ajmi,5.839369999999999
0.7,4.0,0.175,CONV_ASH,Ash,6.275
0.7,4.0,0.175,CONV_BHANDARI,Bhandari,6.874
0.7,4.0,0.175,CONV_JIMENO,Lopez Jimeno,5.773
0.7,4.0,0.175,CONV_KONYA_1972,Konya 1972,5.337871041475053
0.7,4.0,0.175,CONV_KONYA_1983,Konya 1983,5.5722000000000005
0.7,4.0,0.175,CONV_RUSTAN,Rustan,6.983188559264405
0.7,4.0,0.175,CONV_TATIYA,Tatiya–Al-Ajmi,5.839369999999999
0.7,4.37,0.16018306636155605,CONV_ASH,Ash,6.275
0.7,4.37,0.16018306636155605,CONV_BHANDARI,Bhandari,6.874
0.7,4.37,0.16018306636155605,CONV_JIMENO,Lopez Jimeno,5.773
0.7,4.37,0.16018306636155605,CONV_KONYA_1972,Konya 1972,5.184286575397026
0.7,4.37,0.16018306636155605,CONV_KONYA_1983,Konya 1983,5.482942791762014
0.7,4.37,0.16018306636155605,CONV_RUSTAN,Rustan,6.983188559264405
0.7,4.37,0.16018306636155605,CONV_TATIYA,Tatiya–Al-Ajmi,5.839369999999999
0.7,4.8,0.14583333333333334,CONV_ASH,Ash,6.275
0.7,4.8,0.14583333333333334,CONV_BHANDARI,Bhandari,6.874
0.7,4.8,0.14583333333333334,CONV_JIMENO,Lopez Jimeno,5.773
0.7,4.8,0.14583333333333334,CONV_KONYA_1972,Konya 1972,5.026182644351051
0.7,4.8,0.14583333333333334,CONV_KONYA_1983,Konya 1983,5.3965000000000005
0.7,4.8,0.14583333333333334,CONV_RUSTAN,Rustan,6.983188559264405
0.7,4.8,0.14583333333333334,CONV_TATIYA,Tatiya–Al-Ajmi,5.839369999999999
0.7,5.3,0.1320754716981132,CONV_ASH,Ash,6.275
0.7,5.3,0.1320754716981132,CONV_BHANDARI,Bhandari,6.874
0.7,5.3,0.1320754716981132,CONV_JIMENO,Lopez Jimeno,5.773
0.7,5.3,0.1320754716981132,CONV_KONYA_1972,Konya 1972,4.864484652808349
0.7,5.3,0.1320754716981132,CONV_KONYA_1983,Konya 1983,5.313622641509434
0.7,5.3,0.1320754716981132,CONV_RUSTAN,Rustan,6.983188559264405
0.7,5.3,0.1320754716981132,CONV_TATIYA,Tatiya–Al-Ajmi,5.839369999999999
0.75,1.8,0.41666666666666663,CONV_ASH,Ash,6.275
0.75,1.8,0.41666666666666663,CONV_BHANDARI,Bhandari,6.874
0.75,1.8,0.41666666666666663,CONV_JIMENO,Lopez Jimeno,5.773
0.75,1.8,0.41666666666666663,CONV_KONYA_1972,Konya 1972,7.107155400544053
0.75,1.8,0.41666666666666663,CONV_KONYA_1983,Konya 1983,7.027999999999999
0.75,1.8,0.41666666666666663,CONV_RUSTAN,Rustan,6.983188559264405
0.75,1.8,0.41666666666666663,CONV_TATIYA,Tatiya–Al-Ajmi,5.839369999999999
0.75,2.1,0.35714285714285715,CONV_ASH,Ash,6.275
0.75,2.1,0.35714285714285715,CONV_BHANDARI,Bhandari,6.874
0.75,2.1,0.35714285714285715,CONV_JIMENO,Lopez Jimeno,5.773
0.75,2.1,0.35714285714285715,CONV_KONYA_1972,Konya 1972,6.75465809550091
0.75,2.1,0.35714285714285715,CONV_KONYA_1983,Konya 1983,6.669428571428572
0.75,2.1,0.35714285714285715,CONV_RUSTAN,Rustan,6.983188559264405
0.75,2.1,0.35714285714285715,CONV_TATIYA,Tatiya–Al-Ajmi,5.839369999999999
0.75,2.4,0.3125,CONV_ASH,Ash,6.275
0.75,2.4,0.3125,CONV_BHANDARI,Bhandari,6.874
0.75,2.4,0.3125,CONV_JIMENO,Lopez Jimeno,5.773
0.75,2.4,0.3125,CONV_KONYA_1972,Konya 1972,6.463474332183276
0.75,2.4,0.3125,CONV_KONYA_1983,Konya 1983,6.4005
0.75,2.4,0.3125,CONV_RUSTAN,Rustan,6.983188559264405
0.75,2.4,0.3125,CONV_TATIYA,Tatiya–Al-Ajmi,5.839369999999999
0.75,2.6,0.28846153846153844,CONV_ASH,Ash,6.275
0.75,2.6,0.28846153846153844,CONV_BHANDARI,Bhandari,6.874
0.75,2.6,0.28846153846153844,CONV_JIMENO,Lopez Jimeno,5.773
0.75,2.6,0.28846153846153844,CONV_KONYA_1972,Konya 1972,6.294982591269158
0.75,2.6,0.28846153846153844,CONV_KONYA_1983,Konya 1983,6.255692307692307
0.75,2.6,0.28846153846153844,CONV_RUSTAN,Rustan,6.983188559264405
0.75,2.6,0.28846153846153844,CONV_TATIYA,Tatiya–Al-Ajmi,5.839369999999999
0.75,2.75,0.2727272727272727,CONV_ASH,Ash,6.275
0.75,2.75,0.2727272727272727,CONV_BHANDARI,Bhandari,6.874
0.75,2.75,0.2727272727272727,CONV_JIMENO,Lopez Jimeno,5.773
0.75,2.75,0.2727272727272727,CONV_KONYA_1972,Konya 1972,6.179537175764758
0.75,2.75,0.2727272727272727,CONV_KONYA_1983,Konya 1983,6.160909090909091
0.75,2.75,0.2727272727272727,CONV_RUSTAN,Rustan,6.983188559264405
0.75,2.75,0.2727272727272727,CONV_TATIYA,Tatiya–Al-Ajmi,5.839369999999999
0.75,3.0,0.25,CONV_ASH,Ash,6.275
0.75,3.0,0.25,CONV_BHANDARI,Bhandari,6.874
0.75,3.0,0.25,CONV_JIMENO,Lopez Jimeno,5.773
0.75,3.0,0.25,CONV_KONYA_1972,Konya 1972,6.004622706135611
0.75,3.0,0.25,CONV_KONYA_1983,Konya 1983,6.024
0.75,3.0,0.25,CONV_RUSTAN,Rustan,6.983188559264405
0.75,3.0,0.25,CONV_TATIYA,Tatiya–Al-Ajmi,5.839369999999999
0.75,3.3,0.2272727272727273,CONV_ASH,Ash,6.275
0.75,3.3,0.2272727272727273,CONV_BHANDARI,Bhandari,6.874
0.75,3.3,0.2272727272727273,CONV_JIMENO,Lopez Jimeno,5.773
0.75,3.3,0.2272727272727273,CONV_KONYA_1972,Konya 1972,5.81870229940363
0.75,3.3,0.2272727272727273,CONV_KONYA_1983,Konya 1983,5.887090909090909
0.75,3.3,0.2272727272727273,CONV_RUSTAN,Rustan,6.983188559264405
0.75,3.3,0.2272727272727273,CONV_TATIYA,Tatiya–Al-Ajmi,5.839369999999999
0.75,3.75,0.2,CONV_ASH,Ash,6.275
0.75,3.75,0.2,CONV_BHANDARI,Bhandari,6.874
0.75,3.75,0.2,CONV_JIMENO,Lopez Jimeno,5.773
0.75,3.75,0.2,CONV_KONYA_1972,Konya 1972,5.578345637347071
0.75,3.75,0.2,CONV_KONYA_1983,Konya 1983,5.722799999999999
0.75,3.75,0.2,CONV_RUSTAN,Rustan,6.983188559264405
0.75,3.75,0.2,CONV_TATIYA,Tatiya–Al-Ajmi,5.839369999999999
0.75,4.0,0.1875,CONV_ASH,Ash,6.275
0.75,4.0,0.1875,CONV_BHANDARI,Bhandari,6.874
0.75,4.0,0.1875,CONV_JIMENO,Lopez Jimeno,5.773
0.75,4.0,0.1875,CONV_KONYA_1972,Konya 1972,5.460795852667221
0.75,4.0,0.1875,CONV_KONYA_1983,Konya 1983,5.6475
0.75,4.0,0.1875,CONV_RUSTAN,Rustan,6.983188559264405
0.75,4.0,0.1875,CONV_TATIYA,Tatiya–Al-Ajmi,5.839369999999999
0.75,4.37,0.17162471395881007,CONV_ASH,Ash,6.275
0.75,4.37,0.17162471395881007,CONV_BHANDARI,Bhandari,6.874
0.75,4.37,0.17162471395881007,CONV_JIMENO,Lopez Jimeno,5.773
0.75,4.37,0.17162471395881007,CONV_KONYA_1972,Konya 1972,5.3036745192973465
0.75,4.37,0.17162471395881007,CONV_KONYA_1983,Konya 1983,5.551867276887872
0.75,4.37,0.17162471395881007,CONV_RUSTAN,Rustan,6.983188559264405
0.75,4.37,0.17162471395881007,CONV_TATIYA,Tatiya–Al-Ajmi,5.839369999999999
0.75,4.8,0.15625,CONV_ASH,Ash,6.275
0.75,4.8,0.15625,CONV_BHANDARI,Bhandari,6.874
0.75,4.8,0.15625,CONV_JIMENO,Lopez Jimeno,5.773
0.75,4.8,0.15625,CONV_KONYA_1972,Konya 1972,5.141929643065255
0.75,4.8,0.15625,CONV_KONYA_1983,Konya 1983,5.45925
0.75,4.8,0.15625,CONV_RUSTAN,Rustan,6.983188559264405
0.75,4.8,0.15625,CONV_TATIYA,Tatiya–Al-Ajmi,5.839369999999999
0.75,5.3,0.14150943396226415,CONV_ASH,Ash,6.275
0.75,5.3,0.14150943396226415,CONV_BHANDARI,Bhandari,6.874
0.75,5.3,0.14150943396226415,CONV_JIMENO,Lopez Jimeno,5.773
0.75,5.3,0.14150943396226415,CONV_KONYA_1972,Konya 1972,4.976507939404725
0.75,5.3,0.14150943396226415,CONV_KONYA_1983,Konya 1983,5.370452830188679
0.75,5.3,0.14150943396226415,CONV_RUSTAN,Rustan,6.983188559264405
0.75,5.3,0.14150943396226415,CONV_TATIYA,Tatiya–Al-Ajmi,5.839369999999999
0.8,1.8,0.4444444444444445,CONV_ASH,Ash,6.275
0.8,1.8,0.4444444444444445,CONV_BHANDARI,Bhandari,6.874
0.8,1.8,0.4444444444444445,CONV_JIMENO,Lopez Jimeno,5.773
0.8,1.8,0.4444444444444445,CONV_KONYA_1972,Konya 1972,7.260144929828897
0.8,1.8,0.4444444444444445,CONV_KONYA_1983,Konya 1983,7.195333333333333
0.8,1.8,0.4444444444444445,CONV_RUSTAN,Rustan,6.983188559264405
0.8,1.8,0.4444444444444445,CONV_TATIYA,Tatiya–Al-Ajmi,5.839369999999999
0.8,2.1,0.38095238095238093,CONV_ASH,Ash,6.275
0.8,2.1,0.38095238095238093,CONV_BHANDARI,Bhandari,6.874
0.8,2.1,0.38095238095238093,CONV_JIMENO,Lopez Jimeno,5.773
0.8,2.1,0.38095238095238093,CONV_KONYA_1972,Konya 1972,6.900059723053846
0.8,2.1,0.38095238095238093,CONV_KONYA_1983,Konya 1983,6.812857142857143
0.8,2.1,0.38095238095238093,CONV_RUSTAN,Rustan,6.983188559264405
0.8,2.1,0.38095238095238093,CONV_TATIYA,Tatiya–Al-Ajmi,5.839369999999999
0.8,2.4,0.33333333333333337,CONV_ASH,Ash,6.275
0.8,2.4,0.33333333333333337,CONV_BHANDARI,Bhandari,6.874
0.8,2.4,0.33333333333333337,CONV_JIMENO,Lopez Jimeno,5.773
0.8,2.4,0.33333333333333337,CONV_KONYA_1972,Konya 1972,6.602607901086201
0.8,2.4,0.33333333333333337,CONV_KONYA_1983,Konya 1983,6.526000000000001
0.8,2.4,0.33333333333333337,CONV_RUSTAN,Rustan,6.983188559264405
0.8,2.4,0.33333333333333337,CONV_TATIYA,Tatiya–Al-Ajmi,5.839369999999999
0.8,2.6,0.3076923076923077,CONV_ASH,Ash,6.275
0.8,2.6,0.3076923076923077,CONV_BHANDARI,Bhandari,6.874
0.8,2.6,0.3076923076923077,CONV_JIMENO,Lopez Jimeno,5.773
0.8,2.6,0.3076923076923077,CONV_KONYA_1972,Konya 1972,6.43048918557
0.8,2.6,0.3076923076923077,CONV_KONYA_1983,Konya 1983,6.371538461538462
0.8,2.6,0.3076923076923077,CONV_RUSTAN,Rustan,6.983188559264405
0.8,2.6,0.3076923076923077,CONV_TATIYA,Tatiya–Al-Ajmi,5.839369999999999
0.8,2.75,0.29090909090909095,CONV_ASH,Ash,6.275
0.8,2.75,0.29090909090909095,CONV_BHANDARI,Bhandari,6.874
0.8,2.75,0.29090909090909095,CONV_JIMENO,Lopez Jimeno,5.773
0.8,2.75,0.29090909090909095,CONV_KONYA_1972,Konya 1972,6.312558677397616
0.8,2.75,0.29090909090909095,CONV_KONYA_1983,Konya 1983,6.270436363636364
0.8,2.75,0.29090909090909095,CONV_RUSTAN,Rustan,6.983188559264405
0.8,2.75,0.29090909090909095,CONV_TATIYA,Tatiya–Al-Ajmi,5.839369999999999
0.8,3.0,0.26666666666666666,CONV_ASH,Ash,6.275
0.8,3.0,0.26666666666666666,CONV_BHANDARI,Bhandari,6.874
0.8,3.0,0.26666666666666666,CONV_JIMENO,Lopez Jimeno,5.773
0.8,3.0,0.26666666666666666,CONV_KONYA_1972,Konya 1972,6.133878976692808
0.8,3.0,0.26666666666666666,CONV_KONYA_1983,Konya 1983,6.1244
0.8,3.0,0.26666666666666666,CONV_RUSTAN,Rustan,6.983188559264405
0.8,3.0,0.26666666666666666,CONV_TATIYA,Tatiya–Al-Ajmi,5.839369999999999
0.8,3.3,0.24242424242424246,CONV_ASH,Ash,6.275
0.8,3.3,0.24242424242424246,CONV_BHANDARI,Bhandari,6.874
0.8,3.3,0.24242424242424246,CONV_JIMENO,Lopez Jimeno,5.773
0.8,3.3,0.24242424242424246,CONV_KONYA_1972,Konya 1972,5.943956423686074
0.8,3.3,0.24242424242424246,CONV_KONYA_1983,Konya 1983,5.978363636363636
0.8,3.3,0.24242424242424246,CONV_RUSTAN,Rustan,6.983188559264405
0.8,3.3,0.24242424242424246,CONV_TATIYA,Tatiya–Al-Ajmi,5.839369999999999
0.8,3.75,0.21333333333333335,CONV_ASH,Ash,6.275
0.8,3.75,0.21333333333333335,CONV_BHANDARI,Bhandari,6.874
0.8,3.75,0.21333333333333335,CONV_JIMENO,Lopez Jimeno,5.773
0.8,3.75,0.21333333333333335,CONV_KONYA_1972,Konya 1972,5.6984258136128885
0.8,3.75,0.21333333333333335,CONV_KONYA_1983,Konya 1983,5.80312
0.8,3.75,0.21333333333333335,CONV_RUSTAN,Rustan,6.983188559264405
0.8,3.75,0.21333333333333335,CONV_TATIYA,Tatiya–Al-Ajmi,5.839369999999999
0.8,4.0,0.2,CONV_ASH,Ash,6.275
0.8,4.0,0.2,CONV_BHANDARI,Bhandari,6.874
0.8,4.0,0.2,CONV_JIMENO,Lopez Jimeno,5.773
0.8,4.0,0.2,CONV_KONYA_1972,Konya 1972,5.578345637347071
0.8,4.0,0.2,CONV_KONYA_1983,Konya 1983,5.722799999999999
0.8,4.0,0.2,CONV_RUSTAN,Rustan,6.983188559264405
0.8,4.0,0.2,CONV_TATIYA,Tatiya–Al-Ajmi,5.839369999999999
0.8,4.37,0.18306636155606407,CONV_ASH,Ash,6.275
0.8,4.37,0.18306636155606407,CONV_BHANDARI,Bhandari,6.874
0.8,4.37,0.18306636155606407,CONV_JIMENO,Lopez Jimeno,5.773
0.8,4.37,0.18306636155606407,CONV_KONYA_1972,Konya 1972,5.41784209021119
0.8,4.37,0.18306636155606407,CONV_KONYA_1983,Konya 1983,5.62079176201373
0.8,4.37,0.18306636155606407,CONV_RUSTAN,Rustan,6.983188559264405
0.8,4.37,0.18306636155606407,CONV_TATIYA,Tatiya–Al-Ajmi,5.839369999999999
0.8,4.8,0.16666666666666669,CONV_ASH,Ash,6.275
0.8,4.8,0.16666666666666669,CONV_BHANDARI,Bhandari,6.874
0.8,4.8,0.16666666666666669,CONV_JIMENO,Lopez Jimeno,5.773
0.8,4.8,0.16666666666666669,CONV_KONYA_1972,Konya 1972,5.252615473242559
0.8,4.8,0.16666666666666669,CONV_KONYA_1983,Konya 1983,5.522
0.8,4.8,0.16666666666666669,CONV_RUSTAN,Rustan,6.983188559264405
0.8,4.8,0.16666666666666669,CONV_TATIYA,Tatiya–Al-Ajmi,5.839369999999999
0.8,5.3,0.15094339622641512,CONV_ASH,Ash,6.275
0.8,5.3,0.15094339622641512,CONV_BHANDARI,Bhandari,6.874
0.8,5.3,0.15094339622641512,CONV_JIMENO,Lopez Jimeno,5.773
0.8,5.3,0.15094339622641512,CONV_KONYA_1972,Konya 1972,5.083632880991557
0.8,5.3,0.15094339622641512,CONV_KONYA_1983,Konya 1983,5.427283018867924
0.8,5.3,0.15094339622641512,CONV_RUSTAN,Rustan,6.983188559264405
0.8,5.3,0.15094339622641512,CONV_TATIYA,Tatiya–Al-Ajmi,5.839369999999999
0.85,1.8,0.4722222222222222,CONV_ASH,Ash,6.275
0.85,1.8,0.4722222222222222,CONV_BHANDARI,Bhandari,6.874
0.85,1.8,0.4722222222222222,CONV_JIMENO,Lopez Jimeno,5.773
0.85,1.8,0.4722222222222222,CONV_KONYA_1972,Konya 1972,7.40685495452465
0.85,1.8,0.4722222222222222,CONV_KONYA_1983,Konya 1983,7.362666666666668
0.85,1.8,0.4722222222222222,CONV_RUSTAN,Rustan,6.983188559264405
0.85,1.8,0.4722222222222222,CONV_TATIYA,Tatiya–Al-Ajmi,5.839369999999999
0.85,2.1,0.4047619047619047,CONV_ASH,Ash,6.275
0.85,2.1,0.4047619047619047,CONV_BHANDARI,Bhandari,6.874
0.85,2.1,0.4047619047619047,CONV_JIMENO,Lopez Jimeno,5.773
0.85,2.1,0.4047619047619047,CONV_KONYA_1972,Konya 1972,7.039493293892391
0.85,2.1,0.4047619047619047,CONV_KONYA_1983,Konya 1983,6.9562857142857135
0.85,2.1,0.4047619047619047,CONV_RUSTAN,Rustan,6.983188559264405
0.85,2.1,0.4047619047619047,CONV_TATIYA,Tatiya–Al-Ajmi,5.839369999999999
0.85,2.4,0.3541666666666667,CONV_ASH,Ash,6.275
0.85,2.4,0.3541666666666667,CONV_BHANDARI,Bhandari,6.874
0.85,2.4,0.3541666666666667,CONV_JIMENO,Lopez Jimeno,5.773
0.85,2.4,0.3541666666666667,CONV_KONYA_1972,Konya 1972,6.736030687764312
0.85,2.4,0.3541666666666667,CONV_KONYA_1983,Konya 1983,6.6515
0.85,2.4,0.3541666666666667,CONV_RUSTAN,Rustan,6.983188559264405
0.85,2.4,0.3541666666666667,CONV_TATIYA,Tatiya–Al-Ajmi,5.839369999999999
0.85,2.6,0.3269230769230769,CONV_ASH,Ash,6.275
0.85,2.6,0.3269230769230769,CONV_BHANDARI,Bhandari,6.874
0.85,2.6,0.3269230769230769,CONV_JIMENO,Lopez Jimeno,5.773
0.85,2.6,0.3269230769230769,CONV_KONYA_1972,Konya 1972,6.560433867988754
0.85,2.6,0.3269230769230769,CONV_KONYA_1983,Konya 1983,6.487384615384615
0.85,2.6,0.3269230769230769,CONV_RUSTAN,Rustan,6.983188559264405
0.85,2.6,0.3269230769230769,CONV_TATIYA,Tatiya–Al-Ajmi,5.839369999999999
0.85,2.75,0.3090909090909091,CONV_ASH,Ash,6.275
0.85,2.75,0.3090909090909091,CONV_BHANDARI,Bhandari,6.874
0.85,2.75,0.3090909090909091,CONV_JIMENO,Lopez Jimeno,5.773
0.85,2.75,0.3090909090909091,CONV_KONYA_1972,Konya 1972,6.4401202685787196
0.85,2.75,0.3090909090909091,CONV_KONYA_1983,Konya 1983,6.3799636363636365
0.85,2.75,0.3090909090909091,CONV_RUSTAN,Rustan,6.983188559264405
0.85,2.75,0.3090909090909091,CONV_TATIYA,Tatiya–Al-Ajmi,5.839369999999999
0.85,3.0,0.2833333333333333,CONV_ASH,Ash,6.275
0.85,3.0,0.2833333333333333,CONV_BHANDARI,Bhandari,6.874
0.85,3.0,0.2833333333333333,CONV_JIMENO,Lopez Jimeno,5.773
0.85,3.0,0.2833333333333333,CONV_KONYA_1972,Konya 1972,6.257829881922543
0.85,3.0,0.2833333333333333,CONV_KONYA_1983,Konya 1983,6.224799999999999
0.85,3.0,0.2833333333333333,CONV_RUSTAN,Rustan,6.983188559264405
0.85,3.0,0.2833333333333333,CONV_TATIYA,Tatiya–Al-Ajmi,5.839369999999999
0.85,3.3,0.25757575757575757,CONV_ASH,Ash,6.275
0.85,3.3,0.25757575757575757,CONV_BHANDARI,Bhandari,6.874
0.85,3.3,0.25757575757575757,CONV_JIMENO,Lopez Jimeno,5.773
0.85,3.3,0.25757575757575757,CONV_KONYA_1972,Konya 1972,6.064069452026131
0.85,3.3,0.25757575757575757,CONV_KONYA_1983,Konya 1983,6.069636363636364
0.85,3.3,0.25757575757575757,CONV_RUSTAN,Rustan,6.983188559264405
0.85,3.3,0.25757575757575757,CONV_TATIYA,Tatiya–Al-Ajmi,5.839369999999999
0.85,3.75,0.22666666666666666,CONV_ASH,Ash,6.275
0.85,3.75,0.22666666666666666,CONV_BHANDARI,Bhandari,6.874
0.85,3.75,0.22666666666666666,CONV_JIMENO,Lopez Jimeno,5.773
0.85,3.75,0.22666666666666666,CONV_KONYA_1972,Konya 1972,5.81357726030195
0.85,3.75,0.22666666666666666,CONV_KONYA_1983,Konya 1983,5.88344
0.85,3.75,0.22666666666666666,CONV_RUSTAN,Rustan,6.983188559264405
0.85,3.75,0.22666666666666666,CONV_TATIYA,Tatiya–Al-Ajmi,5.839369999999999
0.85,4.0,0.2125,CONV_ASH,Ash,6.275
0.85,4.0,0.2125,CONV_BHANDARI,Bhandari,6.874
0.85,4.0,0.2125,CONV_JIMENO,Lopez Jimeno,5.773
0.85,4.0,0.2125,CONV_KONYA_1972,Konya 1972,5.691070553189201
0.85,4.0,0.2125,CONV_KONYA_1983,Konya 1983,5.7981
0.85,4.0,0.2125,CONV_RUSTAN,Rustan,6.983188559264405
0.85,4.0,0.2125,CONV_TATIYA,Tatiya–Al-Ajmi,5.839369999999999
0.85,4.37,0.19450800915331806,CONV_ASH,Ash,6.275
0.85,4.37,0.19450800915331806,CONV_BHANDARI,Bhandari,6.874
0.85,4.37,0.19450800915331806,CONV_JIMENO,Lopez Jimeno,5.773
0.85,4.37,0.19450800915331806,CONV_KONYA_1972,Konya 1972,5.5273236163425565
0.85,4.37,0.19450800915331806,CONV_KONYA_1983,Konya 1983,5.689716247139588
0.85,4.37,0.19450800915331806,CONV_RUSTAN,Rustan,6.983188559264405
0.85,4.37,0.19450800915331806,CONV_TATIYA,Tatiya–Al-Ajmi,5.839369999999999
0.85,4.8,0.17708333333333334,CONV_ASH,Ash,6.275
0.85,4.8,0.17708333333333334,CONV_BHANDARI,Bhandari,6.874
0.85,4.8,0.17708333333333334,CONV_JIMENO,Lopez Jimeno,5.773
0.85,4.8,0.17708333333333334,CONV_KONYA_1972,Konya 1972,5.358758167809247
0.85,4.8,0.17708333333333334,CONV_KONYA_1983,Konya 1983,5.5847500000000005
0.85,4.8,0.17708333333333334,CONV_RUSTAN,Rustan,6.983188559264405
0.85,4.8,0.17708333333333334,CONV_TATIYA,Tatiya–Al-Ajmi,5.839369999999999
0.85,5.3,0.16037735849056603,CONV_ASH,Ash,6.275
0.85,5.3,0.16037735849056603,CONV_BHANDARI,Bhandari,6.874
0.85,5.3,0.16037735849056603,CONV_JIMENO,Lopez Jimeno,5.773
0.85,5.3,0.16037735849056603,CONV_KONYA_1972,Konya 1972,5.186360844788828
0.85,5.3,0.16037735849056603,CONV_KONYA_1983,Konya 1983,5.4841132075471695
0.85,5.3,0.16037735849056603,CONV_RUSTAN,Rustan,6.983188559264405
0.85,5.3,0.16037735849056603,CONV_TATIYA,Tatiya–Al-Ajmi,5.839369999999999
0.9,1.8,0.5,CONV_ASH,Ash,6.275
0.9,1.8,0.5,CONV_BHANDARI,Bhandari,6.874
0.9,1.8,0.5,CONV_JIMENO,Lopez Jimeno,5.773
0.9,1.8,0.5,CONV_KONYA_1972,Konya 1972,7.547891050569918
0.9,1.8,0.5,CONV_KONYA_1983,Konya 1983,7.53
0.9,1.8,0.5,CONV_RUSTAN,Rustan,6.983188559264405
0.9,1.8,0.5,CONV_TATIYA,Tatiya–Al-Ajmi,5.839369999999999
0.9,2.1,0.42857142857142855,CONV_ASH,Ash,6.275
0.9,2.1,0.42857142857142855,CONV_BHANDARI,Bhandari,6.874
0.9,2.1,0.42857142857142855,CONV_JIMENO,Lopez Jimeno,5.773
0.9,2.1,0.42857142857142855,CONV_KONYA_1972,Konya 1972,7.17353434888847
0.9,2.1,0.42857142857142855,CONV_KONYA_1983,Konya 1983,7.099714285714286
0.9,2.1,0.42857142857142855,CONV_RUSTAN,Rustan,6.983188559264405
0.9,2.1,0.42857142857142855,CONV_TATIYA,Tatiya–Al-Ajmi,5.839369999999999
0.9,2.4,0.375,CONV_ASH,Ash,6.275
0.9,2.4,0.375,CONV_BHANDARI,Bhandari,6.874
0.9,2.4,0.375,CONV_JIMENO,Lopez Jimeno,5.773
0.9,2.4,0.375,CONV_KONYA_1972,Konya 1972,6.864293422336028
0.9,2.4,0.375,CONV_KONYA_1983,Konya 1983,6.777
0.9,2.4,0.375,CONV_RUSTAN,Rustan,6.983188559264405
0.9,2.4,0.375,CONV_TATIYA,Tatiya–Al-Ajmi,5.839369999999999
0.9,2.6,0.34615384615384615,CONV_ASH,Ash,6.275
0.9,2.6,0.34615384615384615,CONV_BHANDARI,Bhandari,6.874
0.9,2.6,0.34615384615384615,CONV_JIMENO,Lopez Jimeno,5.773
0.9,2.6,0.34615384615384615,CONV_KONYA_1972,Konya 1972,6.685353012049902
0.9,2.6,0.34615384615384615,CONV_KONYA_1983,Konya 1983,6.60323076923077
0.9,2.6,0.34615384615384615,CONV_RUSTAN,Rustan,6.983188559264405
0.9,2.6,0.34615384615384615,CONV_TATIYA,Tatiya–Al-Ajmi,5.839369999999999
0.9,2.75,0.32727272727272727,CONV_ASH,Ash,6.275
0.9,2.75,0.32727272727272727,CONV_BHANDARI,Bhandari,6.874
0.9,2.75,0.32727272727272727,CONV_JIMENO,Lopez Jimeno,5.773
0.9,2.75,0.32727272727272727,CONV_KONYA_1972,Konya 1972,6.562748486131095
0.9,2.75,0.32727272727272727,CONV_KONYA_1983,Konya 1983,6.489490909090908
0.9,2.75,0.32727272727272727,CONV_RUSTAN,Rustan,6.983188559264405
0.9,2.75,0.32727272727272727,CONV_TATIYA,Tatiya–Al-Ajmi,5.839369999999999
0.9,3.0,0.3,CONV_ASH,Ash,6.275
0.9,3.0,0.3,CONV_BHANDARI,Bhandari,6.874
0.9,3.0,0.3,CONV_JIMENO,Lopez Jimeno,5.773
0.9,3.0,0.3,CONV_KONYA_1972,Konya 1972,6.376987054795576
0.9,3.0,0.3,CONV_KONYA_1983,Konya 1983,6.325200000000001
0.9,3.0,0.3,CONV_RUSTAN,Rustan,6.983188559264405
0.9,3.0,0.3,CONV_TATIYA,Tatiya–Al-Ajmi,5.839369999999999
0.9,3.3,0.27272727272727276,CONV_ASH,Ash,6.275
0.9,3.3,0.27272727272727276,CONV_BHANDARI,Bhandari,6.874
0.9,3.3,0.27272727272727276,CONV_JIMENO,Lopez Jimeno,5.773
0.9,3.3,0.27272727272727276,CONV_KONYA_1972,Konya 1972,6.179537175764758
0.9,3.3,0.27272727272727276,CONV_KONYA_1983,Konya 1983,6.160909090909091
0.9,3.3,0.27272727272727276,CONV_RUSTAN,Rustan,6.983188559264405
0.9,3.3,0.27272727272727276,CONV_TATIYA,Tatiya–Al-Ajmi,5.839369999999999
0.9,3.75,0.24000000000000002,CONV_ASH,Ash,6.275
0.9,3.75,0.24000000000000002,CONV_BHANDARI,Bhandari,6.874
0.9,3.75,0.24000000000000002,CONV_JIMENO,Lopez Jimeno,5.773
0.9,3.75,0.24000000000000002,CONV_KONYA_1972,Konya 1972,5.924275288801842
0.9,3.75,0.24000000000000002,CONV_KONYA_1983,Konya 1983,5.96376
0.9,3.75,0.24000000000000002,CONV_RUSTAN,Rustan,6.983188559264405
0.9,3.75,0.24000000000000002,CONV_TATIYA,Tatiya–Al-Ajmi,5.839369999999999
0.9,4.0,0.225,CONV_ASH,Ash,6.275
0.9,4.0,0.225,CONV_BHANDARI,Bhandari,6.874
0.9,4.0,0.225,CONV_JIMENO,Lopez Jimeno,5.773
0.9,4.0,0.225,CONV_KONYA_1972,Konya 1972,5.799435895573781
0.9,4.0,0.225,CONV_KONYA_1983,Konya 1983,5.8734
0.9,4.0,0.225,CONV_RUSTAN,Rustan,6.983188559264405
0.9,4.0,0.225,CONV_TATIYA,Tatiya–Al-Ajmi,5.839369999999999
0.9,4.37,0.20594965675057209,CONV_ASH,Ash,6.275
0.9,4.37,0.20594965675057209,CONV_BHANDARI,Bhandari,6.874
0.9,4.37,0.20594965675057209,CONV_JIMENO,Lopez Jimeno,5.773
0.9,4.37,0.20594965675057209,CONV_KONYA_1972,Konya 1972,5.632571005310469
0.9,4.37,0.20594965675057209,CONV_KONYA_1983,Konya 1983,5.758640732265446
0.9,4.37,0.20594965675057209,CONV_RUSTAN,Rustan,6.983188559264405
0.9,4.37,0.20594965675057209,CONV_TATIYA,Tatiya–Al-Ajmi,5.839369999999999
0.9,4.8,0.1875,CONV_ASH,Ash,6.275
0.9,4.8,0.1875,CONV_BHANDARI,Bhandari,6.874
0.9,4.8,0.1875,CONV_JIMENO,Lopez Jimeno,5.773
0.9,4.8,0.1875,CONV_KONYA_1972,Konya 1972,5.460795852667221
0.9,4.8,0.1875,CONV_KONYA_1983,Konya 1983,5.6475
0.9,4.8,0.1875,CONV_RUSTAN,Rustan,6.983188559264405
0.9,4.8,0.1875,CONV_TATIYA,Tatiya–Al-Ajmi,5.839369999999999
0.9,5.3,0.169811320754717,CONV_ASH,Ash,6.275
0.9,5.3,0.169811320754717,CONV_BHANDARI,Bhandari,6.874
0.9,5.3,0.169811320754717,CONV_JIMENO,Lopez Jimeno,5.773
0.9,5.3,0.169811320754717,CONV_KONYA_1972,Konya 1972,5.285115861691681
0.9,5.3,0.169811320754717,CONV_KONYA_1983,Konya 1983,5.540943396226415
0.9,5.3,0.169811320754717,CONV_RUSTAN,Rustan,6.983188559264405
0.9,5.3,0.169811320754717,CONV_TATIYA,Tatiya–Al-Ajmi,5.839369999999999
0.95,1.8,0.5277777777777778,CONV_ASH,Ash,6.275
0.95,1.8,0.5277777777777778,CONV_BHANDARI,Bhandari,6.874
0.95,1.8,0.5277777777777778,CONV_JIMENO,Lopez Jimeno,5.773
0.95,1.8,0.5277777777777778,CONV_KONYA_1972,Konya 1972,7.683770492362027
0.95,1.8,0.5277777777777778,CONV_KONYA_1983,Konya 1983,7.697333333333333
0.95,1.8,0.5277777777777778,CONV_RUSTAN,Rustan,6.983188559264405
0.95,1.8,0.5277777777777778,CONV_TATIYA,Tatiya–Al-Ajmi,5.839369999999999
0.95,2.1,0.45238095238095233,CONV_ASH,Ash,6.275
0.95,2.1,0.45238095238095233,CONV_BHANDARI,Bhandari,6.874
0.95,2.1,0.45238095238095233,CONV_JIMENO,Lopez Jimeno,5.773
0.95,2.1,0.45238095238095233,CONV_KONYA_1972,Konya 1972,7.302674506910478
0.95,2.1,0.45238095238095233,CONV_KONYA_1983,Konya 1983,7.243142857142857
0.95,2.1,0.45238095238095233,CONV_RUSTAN,Rustan,6.983188559264405
0.95,2.1,0.45238095238095233,CONV_TATIYA,Tatiya–Al-Ajmi,5.839369999999999
0.95,2.4,0.3958333333333333,CONV_ASH,Ash,6.275
0.95,2.4,0.3958333333333333,CONV_BHANDARI,Bhandari,6.874
0.95,2.4,0.3958333333333333,CONV_JIMENO,Lopez Jimeno,5.773
0.95,2.4,0.3958333333333333,CONV_KONYA_1972,Konya 1972,6.9878665306751895
0.95,2.4,0.3958333333333333,CONV_KONYA_1983,Konya 1983,6.9025
0.95,2.4,0.3958333333333333,CONV_RUSTAN,Rustan,6.983188559264405
0.95,2.4,0.3958333333333333,CONV_TATIYA,Tatiya–Al-Ajmi,5.839369999999999
0.95,2.6,0.36538461538461536,CONV_ASH,Ash,6.275
0.95,2.6,0.36538461538461536,CONV_BHANDARI,Bhandari,6.874
0.95,2.6,0.36538461538461536,CONV_JIMENO,Lopez Jimeno,5.773
0.95,2.6,0.36538461538461536,CONV_KONYA_1972,Konya 1972,6.805704780427898
0.95,2.6,0.36538461538461536,CONV_KONYA_1983,Konya 1983,6.719076923076924
0.95,2.6,0.36538461538461536,CONV_RUSTAN,Rustan,6.983188559264405
0.95,2.6,0.36538461538461536,CONV_TATIYA,Tatiya–Al-Ajmi,5.839369999999999
0.95,2.75,0.34545454545454546,CONV_ASH,Ash,6.275
0.95,2.75,0.34545454545454546,CONV_BHANDARI,Bhandari,6.874
0.95,2.75,0.34545454545454546,CONV_JIMENO,Lopez Jimeno,5.773
0.95,2.75,0.34545454545454546,CONV_KONYA_1972,Konya 1972,6.6808930903580155
0.95,2.75,0.34545454545454546,CONV_KONYA_1983,Konya 1983,6.599018181818182
0.95,2.75,0.34545454545454546,CONV_RUSTAN,Rustan,6.983188559264405
0.95,2.75,0.34545454545454546,CONV_TATIYA,Tatiya–Al-Ajmi,5.839369999999999
0.95,3.0,0.31666666666666665,CONV_ASH,Ash,6.275
0.95,3.0,0.31666666666666665,CONV_BHANDARI,Bhandari,6.874
0.95,3.0,0.31666666666666665,CONV_JIMENO,Lopez Jimeno,5.773
0.95,3.0,0.31666666666666665,CONV_KONYA_1972,Konya 1972,6.491787524955476
0.95,3.0,0.31666666666666665,CONV_KONYA_1983,Konya 1983,6.4256
0.95,3.0,0.31666666666666665,CONV_RUSTAN,Rustan,6.983188559264405
0.95,3.0,0.31666666666666665,CONV_TATIYA,Tatiya–Al-Ajmi,5.839369999999999
0.95,3.3,0.2878787878787879,CONV_ASH,Ash,6.275
0.95,3.3,0.2878787878787879,CONV_BHANDARI,Bhandari,6.874
0.95,3.3,0.2878787878787879,CONV_JIMENO,Lopez Jimeno,5.773
0.95,3.3,0.2878787878787879,CONV_KONYA_1972,Konya 1972,6.2907830928495185
0.95,3.3,0.2878787878787879,CONV_KONYA_1983,Konya 1983,6.252181818181818
0.95,3.3,0.2878787878787879,CONV_RUSTAN,Rustan,6.983188559264405
0.95,3.3,0.2878787878787879,CONV_TATIYA,Tatiya–Al-Ajmi,5.839369999999999
0.95,3.75,0.2533333333333333,CONV_ASH,Ash,6.275
0.95,3.75,0.2533333333333333,CONV_BHANDARI,Bhandari,6.874
0.95,3.75,0.2533333333333333,CONV_JIMENO,Lopez Jimeno,5.773
0.95,3.75,0.2533333333333333,CONV_KONYA_1972,Konya 1972,6.030925903373762
0.95,3.75,0.2533333333333333,CONV_KONYA_1983,Konya 1983,6.04408
0.95,3.75,0.2533333333333333,CONV_RUSTAN,Rustan,6.983188559264405
0.95,3.75,0.2533333333333333,CONV_TATIYA,Tatiya–Al-Ajmi,5.839369999999999
0.95,4.0,0.2375,CONV_ASH,Ash,6.275
0.95,4.0,0.2375,CONV_BHANDARI,Bhandari,6.874
0.95,4.0,0.2375,CONV_JIMENO,Lopez Jimeno,5.773
0.95,4.0,0.2375,CONV_KONYA_1972,Konya 1972,5.903839113230212
0.95,4.0,0.2375,CONV_KONYA_1983,Konya 1983,5.9487000000000005
0.95,4.0,0.2375,CONV_RUSTAN,Rustan,6.983188559264405
0.95,4.0,0.2375,CONV_TATIYA,Tatiya–Al-Ajmi,5.839369999999999
0.95,4.37,0.21739130434782608,CONV_ASH,Ash,6.275
0.95,4.37,0.21739130434782608,CONV_BHANDARI,Bhandari,6.874
0.95,4.37,0.21739130434782608,CONV_JIMENO,Lopez Jimeno,5.773
0.95,4.37,0.21739130434782608,CONV_KONYA_1972,Konya 1972,5.733970270208208
0.95,4.37,0.21739130434782608,CONV_KONYA_1983,Konya 1983,5.827565217391304
0.95,4.37,0.21739130434782608,CONV_RUSTAN,Rustan,6.983188559264405
0.95,4.37,0.21739130434782608,CONV_TATIYA,Tatiya–Al-Ajmi,5.839369999999999
0.95,4.8,0.19791666666666666,CONV_ASH,Ash,6.275
0.95,4.8,0.19791666666666666,CONV_BHANDARI,Bhandari,6.874
0.95,4.8,0.19791666666666666,CONV_JIMENO,Lopez Jimeno,5.773
0.95,4.8,0.19791666666666666,CONV_KONYA_1972,Konya 1972,5.559102768762023
0.95,4.8,0.19791666666666666,CONV_KONYA_1983,Konya 1983,5.710249999999999
0.95,4.8,0.19791666666666666,CONV_RUSTAN,Rustan,6.983188559264405
0.95,4.8,0.19791666666666666,CONV_TATIYA,Tatiya–Al-Ajmi,5.839369999999999
0.95,5.3,0.1792452830188679,CONV_ASH,Ash,6.275
0.95,5.3,0.1792452830188679,CONV_BHANDARI,Bhandari,6.874
0.95,5.3,0.1792452830188679,CONV_JIMENO,Lopez Jimeno,5.773
0.95,5.3,0.1792452830188679,CONV_KONYA_1972,Konya 1972,5.380260132890331
0.95,5.3,0.1792452830188679,CONV_KONYA_1983,Konya 1983,5.59777358490566
0.95,5.3,0.1792452830188679,CONV_RUSTAN,Rustan,6.983188559264405
0.95,5.3,0.1792452830188679,CONV_TATIYA,Tatiya–Al-Ajmi,5.839369999999999
1.0,1.8,0.5555555555555556,CONV_ASH,Ash,6.275
1.0,1.8,0.5555555555555556,CONV_BHANDARI,Bhandari,6.874
1.0,1.8,0.5555555555555556,CONV_JIMENO,Lopez Jimeno,5.773
1.0,1.8,0.5555555555555556,CONV_KONYA_1972,Konya 1972,7.814939039205611
1.0,1.8,0.5555555555555556,CONV_KONYA_1983,Konya 1983,7.8646666666666665
1.0,1.8,0.5555555555555556,CONV_RUSTAN,Rustan,6.983188559264405
1.0,1.8,0.5555555555555556,CONV_TATIYA,Tatiya–Al-Ajmi,5.839369999999999
1.0,2.1,0.47619047619047616,CONV_ASH,Ash,6.275
1.0,2.1,0.47619047619047616,CONV_BHANDARI,Bhandari,6.874
1.0,2.1,0.47619047619047616,CONV_JIMENO,Lopez Jimeno,5.773
1.0,2.1,0.47619047619047616,CONV_KONYA_1972,Konya 1972,7.427337418705579
1.0,2.1,0.47619047619047616,CONV_KONYA_1983,Konya 1983,7.386571428571429
1.0,2.1,0.47619047619047616,CONV_RUSTAN,Rustan,6.983188559264405
1.0,2.1,0.47619047619047616,CONV_TATIYA,Tatiya–Al-Ajmi,5.839369999999999
1.0,2.4,0.4166666666666667,CONV_ASH,Ash,6.275
1.0,2.4,0.4166666666666667,CONV_BHANDARI,Bhandari,6.874
1.0,2.4,0.4166666666666667,CONV_JIMENO,Lopez Jimeno,5.773
1.0,2.4,0.4166666666666667,CONV_KONYA_1972,Konya 1972,7.107155400544053
1.0,2.4,0.4166666666666667,CONV_KONYA_1983,Konya 1983,7.0280000000000005
1.0,2.4,0.4166666666666667,CONV_RUSTAN,Rustan,6.983188559264405
1.0,2.4,0.4166666666666667,CONV_TATIYA,Tatiya–Al-Ajmi,5.839369999999999
1.0,2.6,0.3846153846153846,CONV_ASH,Ash,6.275
1.0,2.6,0.3846153846153846,CONV_BHANDARI,Bhandari,6.874
1.0,2.6,0.3846153846153846,CONV_JIMENO,Lopez Jimeno,5.773
1.0,2.6,0.3846153846153846,CONV_KONYA_1972,Konya 1972,6.9218839931181435
1.0,2.6,0.3846153846153846,CONV_KONYA_1983,Konya 1983,6.834923076923077
1.0,2.6,0.3846153846153846,CONV_RUSTAN,Rustan,6.983188559264405
1.0,2.6,0.3846153846153846,CONV_TATIYA,Tatiya–Al-Ajmi,5.839369999999999
1.0,2.75,0.36363636363636365,CONV_ASH,Ash,6.275
1.0,2.75,0.36363636363636365,CONV_BHANDARI,Bhandari,6.874
1.0,2.75,0.36363636363636365,CONV_JIMENO,Lopez Jimeno,5.773
1.0,2.75,0.36363636363636365,CONV_KONYA_1972,Konya 1972,6.794941660542499
1.0,2.75,0.36363636363636365,CONV_KONYA_1983,Konya 1983,6.7085454545454555
1.0,2.75,0.36363636363636365,CONV_RUSTAN,Rustan,6.983188559264405
1.0,2.75,0.36363636363636365,CONV_TATIYA,Tatiya–Al-Ajmi,5.839369999999999
1.0,3.0,0.3333333333333333,CONV_ASH,Ash,6.275
1.0,3.0,0.3333333333333333,CONV_BHANDARI,Bhandari,6.874
1.0,3.0,0.3333333333333333,CONV_JIMENO,Lopez Jimeno,5.773
1.0,3.0,0.3333333333333333,CONV_KONYA_1972,Konya 1972,6.6026079010862
1.0,3.0,0.3333333333333333,CONV_KONYA_1983,Konya 1983,6.526
1.0,3.0,0.3333333333333333,CONV_RUSTAN,Rustan,6.983188559264405
1.0,3.0,0.3333333333333333,CONV_TATIYA,Tatiya–Al-Ajmi,5.839369999999999
1.0,3.3,0.30303030303030304,CONV_ASH,Ash,6.275
1.0,3.3,0.30303030303030304,CONV_BHANDARI,Bhandari,6.874
1.0,3.3,0.30303030303030304,CONV_JIMENO,Lopez Jimeno,5.773
1.0,3.3,0.30303030303030304,CONV_KONYA_1972,Konya 1972,6.3981721510752285
1.0,3.3,0.30303030303030304,CONV_KONYA_1983,Konya 1983,6.343454545454545
1.0,3.3,0.30303030303030304,CONV_RUSTAN,Rustan,6.983188559264405
1.0,3.3,0.30303030303030304,CONV_TATIYA,Tatiya–Al-Ajmi,5.839369999999999
1.0,3.75,0.26666666666666666,CONV_ASH,Ash,6.275
1.0,3.75,0.26666666666666666,CONV_BHANDARI,Bhandari,6.874
1.0,3.75,0.26666666666666666,CONV_JIMENO,Lopez Jimeno,5.773
1.0,3.75,0.26666666666666666,CONV_KONYA_1972,Konya 1972,6.133878976692808
1.0,3.75,0.26666666666666666,CONV_KONYA_1983,Konya 1983,6.1244
1.0,3.75,0.26666666666666666,CONV_RUSTAN,Rustan,6.983188559264405
1.0,3.75,0.26666666666666666,CONV_TATIYA,Tatiya–Al-Ajmi,5.839369999999999
1.0,4.0,0.25,CONV_ASH,Ash,6.275
1.0,4.0,0.25,CONV_BHANDARI,Bhandari,6.874
1.0,4.0,0.25,CONV_JIMENO,Lopez Jimeno,5.773
1.0,4.0,0.25,CONV_KONYA_1972,Konya 1972,6.004622706135611
1.0,4.0,0.25,CONV_KONYA_1983,Konya 1983,6.024
1.0,4.0,0.25,CONV_RUSTAN,Rustan,6.983188559264405
1.0,4.0,0.25,CONV_TATIYA,Tatiya–Al-Ajmi,5.839369999999999
1.0,4.37,0.22883295194508008,CONV_ASH,Ash,6.275
1.0,4.37,0.22883295194508008,CONV_BHANDARI,Bhandari,6.874
1.0,4.37,0.22883295194508008,CONV_JIMENO,Lopez Jimeno,5.773
1.0,4.37,0.22883295194508008,CONV_KONYA_1972,Konya 1972,5.8318540563956205
1.0,4.37,0.22883295194508008,CONV_KONYA_1983,Konya 1983,5.896489702517162
1.0,4.37,0.22883295194508008,CONV_RUSTAN,Rustan,6.983188559264405
1.0,4.37,0.22883295194508008,CONV_TATIYA,Tatiya–Al-Ajmi,5.839369999999999
1.0,4.8,0.20833333333333334,CONV_ASH,Ash,6.275
1.0,4.8,0.20833333333333334,CONV_BHANDARI,Bhandari,6.874
1.0,4.8,0.20833333333333334,CONV_JIMENO,Lopez Jimeno,5.773
1.0,4.8,0.20833333333333334,CONV_KONYA_1972,Konya 1972,5.6540014168485975
1.0,4.8,0.20833333333333334,CONV_KONYA_1983,Konya 1983,5.773000000000001
1.0,4.8,0.20833333333333334,CONV_RUSTAN,Rustan,6.983188559264405
1.0,4.8,0.20833333333333334,CONV_TATIYA,Tatiya–Al-Ajmi,5.839369999999999
1.0,5.3,0.18867924528301888,CONV_ASH,Ash,6.275
1.0,5.3,0.18867924528301888,CONV_BHANDARI,Bhandari,6.874
1.0,5.3,0.18867924528301888,CONV_JIMENO,Lopez Jimeno,5.773
1.0,5.3,0.18867924528301888,CONV_KONYA_1972,Konya 1972,5.472105783924964
1.0,5.3,0.18867924528301888,CONV_KONYA_1983,Konya 1983,5.654603773584905
1.0,5.3,0.18867924528301888,CONV_RUSTAN,Rustan,6.983188559264405
1.0,5.3,0.18867924528301888,CONV_TATIYA,Tatiya–Al-Ajmi,5.839369999999999
