explosive_density_g_cm3,rock_density_g_cm3,explosive_to_rock_density_ratio,model_count,mean_burden_m,median_burden_m,minimum_burden_m,maximum_burden_m,range_m
0.7,1.8,0.38888888888888884,7,6.507485081354349,6.860666666666666,5.773,6.983188559264405,1.210188559264405
0.7,2.1,0.3333333333333333,7,6.410452351478658,6.526,5.773,6.983188559264405,1.210188559264405
0.7,2.4,0.2916666666666667,7,6.333933909429023,6.275,5.773,6.983188559264405,1.210188559264405
0.7,2.6,0.2692307692307692,7,6.291097799840388,6.15327988577216,5.773,6.983188559264405,1.210188559264405
0.7,2.75,0.2545454545454545,7,6.262339081795397,6.0513818181818175,5.773,6.983188559264405,1.210188559264405
0.7,3.0,0.2333333333333333,7,6.219659240432685,5.9235999999999995,5.773,6.983188559264405,1.210188559264405
0.7,3.3,0.21212121212121213,7,6.175442514951391,5.839369999999999,5.687720863577153,6.983188559264405,1.2954676956872522
0.7,3.75,0.18666666666666665,7,6.119973327190053,5.839369999999999,5.452774731065962,6.983188559264405,1.5304138281984425
0.7,4.0,0.175,7,6.09351851439135,5.839369999999999,5.337871041475053,6.983188559264405,1.6453175177893513
0.7,4.37,0.16018306636155605,7,6.058826846631921,5.839369999999999,5.184286575397026,6.983188559264405,1.7989019838673785
0.7,4.8,0.14583333333333334,7,6.023891600516493,5.839369999999999,5.026182644351051,6.983188559264405,1.9570059149133536
0.7,5.3,0.1320754716981132,7,5.988952264797455,5.839369999999999,4.864484652808349,6.983188559264405,2.118703906456056
0.75,1.8,0.41666666666666663,7,6.554244851401208,6.874,5.773,7.107155400544053,1.334155400544053
0.75,2.1,0.35714285714285715,7,6.452663603741984,6.669428571428572,5.773,6.983188559264405,1.210188559264405
0.75,2.4,0.3125,7,6.372647555921097,6.4005,5.773,6.983188559264405,1.210188559264405
0.75,2.6,0.28846153846153844,7,6.327890494032267,6.275,5.773,6.983188559264405,1.210188559264405
0.75,2.75,0.2727272727272727,7,6.297857832276894,6.179537175764758,5.773,6.983188559264405,1.210188559264405
0.75,3.0,0.25,7,6.253311609342859,6.024,5.773,6.983188559264405,1.210188559264405
0.75,3.3,0.2272727272727273,7,6.207193109679849,5.887090909090909,5.773,6.983188559264405,1.210188559264405
0.75,3.75,0.2,7,6.14938631380164,5.839369999999999,5.578345637347071,6.983188559264405,1.404842921917334
0.75,4.0,0.1875,7,6.12183634456166,5.839369999999999,5.460795852667221,6.983188559264405,1.5223927065971834
0.75,4.37,0.17162471395881007,7,6.085728622207088,5.839369999999999,5.3036745192973465,6.983188559264405,1.6795140399670583
0.75,4.8,0.15625,7,6.049391171761379,5.839369999999999,5.141929643065255,6.983188559264405,1.8412589161991502
0.75,5.3,0.14150943396226415,7,6.013074189836829,5.839369999999999,4.976507939404725,6.983188559264405,2.0066806198596794
0.8,1.8,0.4444444444444445,7,6.600005260346662,6.874,5.773,7.260144929828897,1.4871449298288972
0.8,2.1,0.38095238095238093,7,6.4939250607393415,6.812857142857143,5.773,6.983188559264405,1.210188559264405
0.8,2.4,0.33333333333333337,7,6.410452351478658,6.526000000000001,5.773,6.983188559264405,1.210188559264405
0.8,2.6,0.3076923076923077,7,6.3637980294818375,6.371538461538462,5.773,6.983188559264405,1.210188559264405
0.8,2.75,0.29090909090909095,7,6.3325076571854835,6.275,5.773,6.983188559264405,1.210188559264405
0.8,3.0,0.26666666666666666,7,6.286119647993887,6.133878976692808,5.773,6.983188559264405,1.210188559264405
0.8,3.3,0.24242424242424246,7,6.238125517044873,5.978363636363636,5.773,6.983188559264405,1.210188559264405
0.8,3.75,0.21333333333333335,7,6.178014910411042,5.839369999999999,5.6984258136128885,6.983188559264405,1.2847627456515163
0.8,4.0,0.2,7,6.14938631380164,5.839369999999999,5.578345637347071,6.983188559264405,1.404842921917334
0.8,4.37,0.18306636155606407,7,6.111884630212761,5.839369999999999,5.41784209021119,6.983188559264405,1.5653464690532148
0.8,4.8,0.16666666666666669,7,6.074167718929566,5.839369999999999,5.252615473242559,6.983188559264405,1.7305730860218453
0.8,5.3,0.15094339622641512,7,6.036496351303412,5.839369999999999,5.083632880991557,6.983188559264405,1.899555678272848
0.85,1.8,0.4722222222222222,7,6.64486859720796,6.874,5.773,7.40685495452465,1.63385495452465
0.85,2.1,0.4047619047619047,7,6.534333938206073,6.874,5.773,7.039493293892391,1.266493293892391
0.85,2.4,0.3541666666666667,7,6.447441321004102,6.6515,5.773,6.983188559264405,1.210188559264405
0.85,2.6,0.3269230769230769,7,6.398911006091111,6.487384615384615,5.773,6.983188559264405,1.210188559264405
0.85,2.75,0.3090909090909091,7,6.366377494886679,6.3799636363636365,5.773,6.983188559264405,1.210188559264405
0.85,3.0,0.2833333333333333,7,6.318169777312421,6.257829881922543,5.773,6.983188559264405,1.210188559264405
0.85,3.3,0.25757575757575757,7,6.2683234821324145,6.069636363636364,5.773,6.983188559264405,1.210188559264405
0.85,3.75,0.22666666666666666,7,6.2059394027951935,5.88344,5.773,6.983188559264405,1.210188559264405
0.85,4.0,0.2125,7,6.1762470160648,5.839369999999999,5.691070553189201,6.983188559264405,1.2921180060752038
0.85,4.37,0.19450800915331806,7,6.137371203249507,5.839369999999999,5.5273236163425565,6.983188559264405,1.4558649429218482
0.85,4.8,0.17708333333333334,7,6.098295246724808,5.839369999999999,5.358758167809247,6.983188559264405,1.6244303914551574
0.85,5.3,0.16037735849056603,7,6.059290373085772,5.839369999999999,5.186360844788828,6.983188559264405,1.7968277144755769
0.9,1.8,0.5,7,6.688921372833475,6.874,5.773,7.547891050569918,1.7748910505699182
0.9,2.1,0.42857142857142855,7,6.573972456266737,6.874,5.773,7.17353434888847,1.4005343488884705
0.9,2.4,0.375,7,6.483693140228633,6.777,5.773,6.983188559264405,1.210188559264405
0.9,2.6,0.34615384615384615,7,6.433306048649297,6.60323076923077,5.773,6.983188559264405,1.210188559264405
0.9,2.75,0.32727272727272727,7,6.399542564926629,6.489490909090908,5.773,6.983188559264405,1.210188559264405
0.9,3.0,0.3,7,6.349535087722854,6.325200000000001,5.773,6.983188559264405,1.210188559264405
0.9,3.3,0.27272727272727276,7,6.297857832276894,6.179537175764758,5.773,6.983188559264405,1.210188559264405
0.9,3.75,0.24000000000000002,7,6.233227692580892,5.96376,5.773,6.983188559264405,1.210188559264405
0.9,4.0,0.225,7,6.202484922119742,5.8734,5.773,6.983188559264405,1.210188559264405
0.9,4.37,0.20594965675057209,7,6.162252899548617,5.839369999999999,5.632571005310469,6.983188559264405,1.3506175539539358
0.9,4.8,0.1875,7,6.12183634456166,5.839369999999999,5.460795852667221,6.983188559264405,1.5223927065971834
0.9,5.3,0.169811320754717,7,6.081516831026072,5.839369999999999,5.285115861691681,6.983188559264405,1.6980726975727238
0.95,1.8,0.5277777777777778,7,6.73223748356568,6.874,5.773,7.697333333333333,1.9243333333333332
0.95,2.1,0.45238095238095233,7,6.612910846188249,6.874,5.773,7.302674506910478,1.529674506910478
0.95,2.4,0.3958333333333333,7,6.519275012848513,6.874,5.773,6.9878665306751895,1.2148665306751898
0.95,2.6,0.36538461538461536,7,6.4670486089670325,6.719076923076924,5.773,6.983188559264405,1.210188559264405
0.95,2.75,0.34545454545454546,7,6.432067118777228,6.599018181818182,5.773,6.983188559264405,1.210188559264405
0.95,3.0,0.31666666666666665,7,6.380278012031411,6.4256,5.773,6.983188559264405,1.210188559264405
0.95,3.3,0.2878787878787879,7,6.326789067185105,6.275,5.773,6.983188559264405,1.210188559264405
0.95,3.75,0.2533333333333333,7,6.259937780376881,6.04408,5.773,6.983188559264405,1.210188559264405
0.95,4.0,0.2375,7,6.228156810356373,5.9487000000000005,5.773,6.983188559264405,1.210188559264405
0.95,4.37,0.21739130434782608,7,6.186584863837703,5.839369999999999,5.733970270208208,6.983188559264405,1.2492182890561967
0.95,4.8,0.19791666666666666,7,6.144844475432346,5.839369999999999,5.559102768762023,6.983188559264405,1.4240857905023816
0.95,5.3,0.1792452830188679,7,6.103227468151485,5.839369999999999,5.380260132890331,6.983188559264405,1.6029284263740742
1.0,1.8,0.5555555555555556,7,6.7748806093052405,6.874,5.773,7.8646666666666665,2.091666666666667
1.0,2.1,0.47619047619047616,7,6.6512096295059155,6.874,5.773,7.427337418705579,1.6543374187055795
1.0,2.4,0.4166666666666667,7,6.554244851401208,6.874,5.773,7.107155400544053,1.334155400544053
1.0,2.6,0.3846153846153846,7,6.500195089900804,6.834923076923077,5.773,6.983188559264405,1.210188559264405
1.0,2.75,0.36363636363636365,7,6.46400652490748,6.7085454545454555,5.773,6.983188559264405,1.210188559264405
1.0,3.0,0.3333333333333333,7,6.410452351478658,6.526,5.773,6.983188559264405,1.210188559264405
1.0,3.3,0.30303030303030304,7,6.355169322256311,6.343454545454545,5.773,6.983188559264405,1.210188559264405
1.0,3.75,0.26666666666666666,7,6.286119647993887,6.133878976692808,5.773,6.983188559264405,1.210188559264405
1.0,4.0,0.25,7,6.253311609342859,6.024,5.773,6.983188559264405,1.210188559264405
1.0,4.37,0.22883295194508008,7,6.2104146168824546,5.896489702517162,5.773,6.983188559264405,1.210188559264405
1.0,4.8,0.20833333333333334,7,6.167365710873286,5.839369999999999,5.6540014168485975,6.983188559264405,1.3291871424158073
1.0,5.3,0.18867924528301888,7,6.124466873824896,5.839369999999999,5.472105783924964,6.983188559264405,1.5110827753394407
